cell_id,perturbation,normalized_pseudotime,arc_length,projection_distance,original_PC1,original_PC2,projection_PC1,projection_PC2
TTCTCCTAGATCCGAG,control,-1.6378302788498376,3.563598745335457,5.248512471912887,3.973038673400879,-2.002096652984619,4.890118894089967,-1.0085080369043284
GAGCAGACATCGATGT-1,control,2.62314757155559,9.672255338541007,6.182048765652093,-0.22232291102409363,-0.6084246039390564,-0.388897998094252,0.4506370349753358
AAGCCGCCACGAAACG,control,1.2969282799456923,7.770950402408013,5.063222717796251,1.3340694904327393,-1.8555830717086792,1.3778892546140664,0.09871453701715797
GACGTTAAGTGGTAGC,control,2.595412657429236,9.632493792720293,5.341993270626727,-0.7379521131515503,-1.421496033668518,-0.351364825165623,0.44453648330309437
GAACCTACACAGACAG,control,1.969972421434111,8.735845240345366,5.093735047972587,0.7037823796272278,-1.054431676864624,0.49259533153975554,0.29182014471848416
TGGACGCAGCGAAGGG,control,-3.3355669599716555,1.1296761259829715,4.974129158977302,6.073434829711914,-3.3601982593536377,6.5244993572060945,-1.7632189011619948
CGCTATCGTCACACGC,control,1.27503902320731,7.739569353928128,5.520299707810639,1.6339530944824219,0.1754736304283142,1.4061261923566444,0.09201036515211086
GGAAAGCAGTTTAGGA,control,-1.087775253570086,4.352172958759564,4.230675867712188,5.19669771194458,0.9096331596374512,4.270992866966522,-0.7697721548269304
TCAGCAAAGGAGTTGC,control,-0.7961480120371586,4.770257899421473,5.41876084353236,3.7306089401245117,-0.9988311529159546,3.93441734022565,-0.6486911135162101
CAGTAACGTTTGGGCC,control,-0.709670438350994,4.894234559054225,4.800168177594268,4.502906322479248,-1.0223932266235352,3.8337211579653396,-0.6135605136971799
CATGACATCCAGATCA,control,-1.0153201709819402,4.456046584369051,5.959385852696363,4.513090133666992,-0.051592014729976654,4.187832011385579,-0.7393100247507903
CGATGTACAAATTGCC,control,-4.123551171802973,0.0,5.071538337769988,8.817644119262695,-2.891627311706543,7.059287585698508,-2.066328348550484
TTAGTTCAGAACAACT,control,-1.3314980865479096,4.002765113224047,6.920624797850858,5.449376106262207,-0.032902706414461136,4.548181863679281,-0.8740160678410396
CTTACCGCATCACGTA,control,0.6109559146925416,6.787521302591933,4.688943786229928,2.962477207183838,-0.6502557396888733,2.2459455078327357,-0.12284171072731345
GCACATATCAGCAACT,control,-2.62880647096539,2.1429076593443828,5.718460161357568,6.09035062789917,-1.1514967679977417,5.915134292940461,-1.4567454667778872
ATCTACTTCCGTAGTA,control,1.1727129810406267,7.592871888209393,6.165310591997768,0.919490396976471,-2.924544334411621,1.5376397137584872,0.06033587675627468
CACCTTGGTGATGTCT,control,-4.021312990106473,0.14657150650014392,4.631585870440221,7.131523609161377,-4.004730224609375,6.997838077622919,-2.0295398548744426
AACTCTTTCCTTGACC,control,1.8730905759415943,8.59695272670006,5.444946834465989,1.341552734375,0.04391662776470184,0.621933538433541,0.2656870926071706
TCCACACTCTTTAGTC,control,6.210546578775995,14.815250530555643,12.068500640290702,-4.5623602867126465,-5.3322434425354,-4.163637189934908,0.7005205378309687
TATGCCCCATCCGTGG,control,-1.1152078066540831,4.312844886155507,4.111618419655495,4.3756513595581055,-1.9489744901657104,4.302390586602594,-0.7813705062008822
TCGTAGAGTTGATTGC,control,-3.3263780089839883,1.142849662200748,4.835297667850506,4.668089389801025,-2.793193817138672,6.517401258208999,-1.7594266005009758
TGCGCAGGTCGAGATG,control,-3.4797452804900946,0.9229780676608743,5.686496581992108,7.16084098815918,-1.9179974794387817,6.633598482931979,-1.8220909288434315
TAGACCATCACCATAG,control,-2.4096836979853387,2.457048173301458,4.833422334764145,7.073040008544922,-0.7306288480758667,5.70276402836908,-1.3576753805228565
AATCCAGCATCCGTGG,control,0.2683061905949601,6.296289109007637,4.669001512937526,3.1655995845794678,-0.686842143535614,2.6674345456871777,-0.2420633686299724
TGCTACCCACTGTCGG,control,2.0666359011264714,8.874424698694051,6.355314948490873,0.7229087948799133,1.1472686529159546,0.3630238283999341,0.31728339301823405
CTACACCTCTTAGCCC,control,0.39432445903543717,6.476952410578196,5.525366142406933,2.6852757930755615,1.570629596710205,2.5133198028447237,-0.19753393268548566
CGGACGTTCGAACGGA,control,-2.7277319584305126,2.0010853236140074,5.132268627596073,7.633039474487305,0.42045214772224426,6.007621023798724,-1.5010531953263058
GGCGTGTTCAGATAAG,control,-0.2964923629304822,5.486578162611173,6.6797656421559255,2.310800075531006,-1.3228731155395508,3.3471354641730233,-0.45091041682061905
AGATCTGCATTAGGCT,control,-4.11191402469928,0.016683338397150988,4.228390912727689,7.139599800109863,-1.3770711421966553,7.052293163917338,-2.062140939252632
CGGTTAAAGTCCGTAT,control,-4.123551171802973,0.0,4.224150381150708,8.659621238708496,-3.1668143272399902,7.059287585698508,-2.066328348550484
TGTTCCGTCTTGCAAG,control,-0.2794657102619211,5.510988046383305,5.027004957618403,3.7131001949310303,0.02891349047422409,3.326873116593662,-0.4444094718298885
GTGCAGCGTAGCGTAG,control,-2.1310415755923553,2.856517285289151,6.475630424160653,4.84195613861084,0.5675268173217773,5.419589131643816,-1.2308893097613436
GCAATCAGTTGGAGGT,control,1.2964914067217943,7.770324088779251,6.496205289309291,0.8355330228805542,-1.5627081394195557,1.3784544728110528,0.09858187619087853
TCCCGATTCTGTCAAG,control,0.06421476039537168,6.003697946960916,7.340279682057621,3.960866928100586,-1.0204963684082031,2.915080346894129,-0.31575631194571463
ACTGAACGTAGAAGGA,control,2.7053657956005535,9.790125675826644,6.089929754670587,0.0005252393311820924,1.1458044052124023,-0.500012877183615,0.4682206687947656
CCTATTAGTTGTCTTT,control,2.2739065457493743,9.171573671137827,5.4646657886134005,0.7183089852333069,1.008280634880066,0.08374091598601001,0.36966572770867934
CTCGGAGTCTGTGCAA,control,-4.123551171802973,0.0,5.201692665515994,6.312397480010986,-2.346984386444092,7.059287585698508,-2.066328348550484
TTCTCAACAGCGATCC,control,-0.11466194545508583,5.747255316436489,4.338738014541353,3.862917900085449,1.3549522161483765,3.130244356515343,-0.3819577641011591
ATTGGACTCACGAAGG,control,-2.152967663784304,2.8250834342109985,4.877658227190071,5.5731072425842285,0.24643626809120178,5.442437464819829,-1.2408642376781274
CGCTATCTCGCAAACT,control,2.19475611073488,9.058101401700807,4.88850441922383,0.709152102470398,-0.9825075268745422,0.19055931470200557,0.3499769100536259
CATCGGGAGATCTGCT,control,-4.123551171802973,0.0,5.238315476220413,6.56461763381958,-3.083303928375244,7.059287585698508,-2.066328348550484
CCCAATCAGTGTCTCA,control,2.8621506172917752,10.014896765553738,6.769443312541893,-2.0378031730651855,-0.9528937339782715,-0.7111582920383934,0.5001687332893902
GCATGTACAATCAGAA,control,-2.703396851749377,2.0359728107338793,6.969358265152645,7.980332851409912,-0.5550962090492249,5.9850371330062835,-1.4901776026819549
TCCCGATTCATTTGGG,control,-2.4793369781905654,2.3571912896700242,5.068414798282017,6.718100547790527,-2.2283878326416016,5.771410895452749,-1.389277864277483
TACCTATCAGGAACGT,control,-4.123551171802973,0.0,5.033456008331827,5.8947553634643555,-3.1390254497528076,7.059287585698508,-2.066328348550484
CGATTGAGTATCGCAT,control,-4.089213336947251,0.049227676991526255,4.958055923542112,5.401579856872559,-1.8561224937438965,7.038649082301326,-2.0539725221901457
CAAGTTGGTTGCGCAC,control,-2.1052673113103206,2.8934679888527692,5.061643158334208,4.724565505981445,-0.7189515829086304,5.392730762174208,-1.2191637148412313
CGGACACAGGCTATCT,control,0.5898106511490018,6.757206863490114,5.767622739025303,2.3111753463745117,0.09409685432910919,2.272230779782621,-0.12999608601716287
GGTGAAGCAGCTTAAC,control,-3.0935647583444466,1.4766172264629112,5.575978147248563,8.889071464538574,-0.5585452914237976,6.329787953177389,-1.6613379397144712
AGATCTGTCCATGCTC-1,control,2.756193229907281,9.862993302130773,5.625060154202675,-1.805195927619934,-1.353588342666626,-0.5686100025387073,0.4788541494962239
ACGCCAGCACGGCCAT,control,-0.3923412548099552,5.349166520052346,4.91061545002342,3.510755777359009,-0.6167805790901184,3.4607806396907232,-0.4879045672494604
TCCACACTCATAACCG,control,6.740851490840298,15.575510431268965,15.363979691936624,-5.021174430847168,-5.791445255279541,-4.519256886097826,0.6800201836681397
GGCGACTAGATGCCAG,control,0.6671867405258765,6.868135381572773,5.011249824362825,2.3257791996002197,0.5813855528831482,2.1760460456693798,-0.10381634223088981
ACGGGTCAGGTGGGTT,control,-1.1538355849482937,4.257467026696473,4.757263226397678,4.636237621307373,-1.4897772073745728,4.346488493093857,-0.7977855178095534
AGCTCTCGTGAAAGAG,control,0.14313319555934628,6.116837614946753,5.82459423407484,3.0532994270324707,-0.2731485366821289,2.8195853808734217,-0.2870398896662662
GCGACCAAGCCTTGAT,control,2.266464350426875,9.160904332521016,5.269098900952719,0.1578027904033661,-0.4846956431865692,0.09380222746045122,0.367857591057461
CCTTTCTCAGGGTACA,control,-1.717549441211037,3.4493111325246493,4.757207493680019,4.916261672973633,0.39236271381378174,4.97768236218487,-1.0440513493026122
AATCCAGGTCTGCAAT,control,-2.1870593068797133,2.776208704588039,5.168951044648393,4.661372661590576,-2.4414243698120117,5.4776360654823275,-1.256382481059636
CGTGTCTAGAATGTTG,control,1.482925715463275,8.037601509426956,6.303587650044357,1.572515845298767,-0.8721983432769775,1.1365195798173007,0.15467656673529306
TTAGGACTCATGTCCC,control,-1.9129518649021071,3.1691767723577158,5.283739226144254,5.246068000793457,-1.6906912326812744,5.189288708912241,-1.131931116023501
CTTAGGATCGTAGATC,control,0.18902748905638833,6.1826329531071105,3.655653413033991,3.434199333190918,0.5590330958366394,2.7639699702161273,-0.27040930907174565
GGGCACTGTCTGATCA,control,6.740851490840298,15.575510431268965,8.701792667808741,-3.4031076431274414,0.6966198086738586,-4.519256886097826,0.6800201836681397
ACACCGGAGTATGACA,control,0.07345130249589055,6.016939711124366,4.596732021985273,2.9972310066223145,-0.7357713580131531,2.903939764447231,-0.312364634280189
AGTCTTTTCGCCGTGA-1,control,0.988956103919193,7.329432908148067,4.492782692734674,2.1427760124206543,-1.4435129165649414,1.7719000236250273,0.0021611477693389974
TGAGGGAGTCACCCAG,control,-2.1232724581073508,2.867655308628945,7.172006425738707,6.795868396759033,1.1446548700332642,5.4114932331311865,-1.2273548723272003
CATCAGAGTCTAGCCG,control,0.6317488389402404,6.817330618260082,5.8149392248269125,2.3669519424438477,0.5013940334320068,2.220098222110392,-0.1158065473615253
TAGCCGGTCATTGCCC,control,-0.17285209264328477,5.663832299758059,5.209594509981156,2.7269935607910156,-1.7634416818618774,3.199797641437192,-0.4038910646002841
ACGATACCATATGAGA,control,3.511886964759331,10.946376900430602,8.475104885653561,-2.637336254119873,0.8253487348556519,-1.560512895332627,0.6077889012532404
ACTGCTCGTTGGAGGT,control,-3.726955014924682,0.5685713030223886,4.879425301287457,5.612356185913086,-1.2467797994613647,6.808618504431622,-1.91953539285096
GGGAATGGTAGAAGGA,control,-0.5099809386003338,5.180514990934368,4.972817546709934,4.019185543060303,2.128441572189331,3.5996645450400333,-0.5338836119618435
CAACCAAAGGTGCTAG,control,1.30454140160207,7.781864785780525,5.691249841468983,1.6324357986450195,2.0870730876922607,1.3680395438497874,0.1010263358508996
GCGAGAATCCCTTGCA,control,-3.118287234077344,1.4411743962750574,5.052261009367753,6.041628837585449,-1.758772850036621,6.3502500432959925,-1.671888978382083
TCGGTAAGTCAAGCGA,control,-4.123551171802973,0.0,4.930438753757441,6.867336750030518,-2.5453543663024902,7.059287585698508,-2.066328348550484
CCTACACGTCATGCAT,control,-1.9403861412071985,3.1298462292958753,5.03438145585213,6.230973243713379,-0.10784415155649185,5.21863452432112,-1.1443392012691052
CACACCTCATTCCTCG,control,-2.008110963564308,3.0327540365786403,4.319604672826855,5.727299213409424,-0.6330445408821106,5.290607345419593,-1.1750274928799225
AGTTGGTGTCGAATCT,control,-1.9512157634128262,3.1143205810970613,6.9497721322205654,7.543670654296875,0.395891934633255,5.230218722521211,-1.1492372665218844
GGGTTGCAGCGATATA,control,5.276685051639398,13.4764406199758,7.922034904583188,-5.272221565246582,-3.543802499771118,-3.433756254261417,0.7150432930616119
CTTCTCTTCCATGAAC-1,control,2.183570442612372,9.042065316153105,5.011942470719347,0.7710459232330322,0.5673472881317139,0.2056491565247075,0.3471799866333985
GTCATTTCATTGGCGC,control,2.2783720150246363,9.177975492336566,4.8495267810801606,0.34356123208999634,0.9976887702941895,0.07770392349776636,0.3707506466488048
CCAGCGATCACCTCGT,control,3.8870758467582376,11.484258137598255,5.670739930131586,-2.19148588180542,0.7149225473403931,-2.0186109730611514,0.6513640583838917
GTGCAGCAGATCGATA,control,2.3854024804320932,9.331417350318276,6.041853924626411,0.059555746614933014,-0.2476462423801422,-0.06704605978449643,0.39653573606223336
ATCTACTTCTGAAAGA,control,-3.2017350990157305,1.3215412115364187,5.310638194349686,8.008524894714355,0.28906700015068054,6.418703059607296,-1.7073510746117542
TTTGCGCCAGCGAACA,control,0.03399063695179021,5.96036780129261,5.4677259260036495,4.1033782958984375,2.0084965229034424,2.951534935141989,-0.3268546735758668
AGCTTGAAGGGTTCCC,control,3.6964998292042055,11.211043047773856,5.728028898784161,-2.385375499725342,0.3657323718070984,-1.789536924864168,0.630861864527318
TCTCTAAGTCCGACGT,control,2.519525168523234,9.52369937375767,4.675331128643993,-0.5262462496757507,-0.11680636554956436,-0.24864132972327074,0.42761541077127146
CTACACCTCGACCAGC,control,-2.9227328567205353,1.7215266014519082,5.742880046107132,8.331110000610352,-1.0762581825256348,6.183300728933011,-1.5872817724976724
ACGTCAAAGAAGAAGC,control,-0.5052545375412066,5.187290891210222,5.030791986467411,3.6121485233306885,-1.6637275218963623,3.594088355391118,-0.5320327167755424
TTGCGTCGTGAAATCA,control,3.4884185878071015,10.912731981204507,6.488957483150479,-2.1253511905670166,-0.06793200224637985,-1.5308557808192702,0.6045842683812683
CCGGGATCACTGAAGG,control,1.2241001724956664,7.666541997960908,4.788358538266266,1.8089982271194458,-0.3036884367465973,1.4716491595426824,0.076279387027666
GTTACAGGTTCCTCCA,control,2.013645268499159,8.79845585099254,5.11833229823532,0.7740704417228699,0.07046373933553696,0.43405454179554925,0.303324515886515
CGACCTTAGGCATGTG,control,-1.050180703717614,4.406069553130043,5.0052396975232885,4.8890228271484375,-2.085205554962158,4.227843445017986,-0.7539663614049616
ACTGCTCAGAGTACAT,control,2.380176002955909,9.323924526554572,4.822449428068134,0.6595344543457031,1.0267510414123535,-0.059970990951506306,0.39530445146091375
AAAGTAGGTATAGTAG,control,0.37629110631321083,6.4510992935539555,4.984987936065305,2.3418052196502686,-0.5334402322769165,2.535417812189365,-0.20387186882816763
CACAAACCACTAAGTC,control,-3.969569090654666,0.22075300277672533,4.28314741696138,6.790120601654053,-0.6586543917655945,6.966013824093286,-2.0106770372867735
ATTTCTGAGGCCCTCA,control,5.257566306750753,13.449031454493582,7.227473277247939,-2.7540295124053955,-0.26040884852409363,-3.4173426517483465,0.7150094718377351
TACAGTGCAGATGGGT,control,6.740851490840298,15.575510431268965,12.880308003889384,-12.589056015014648,-4.459957122802734,-4.519256886097826,0.6800201836681397
TACCTATGTACTCTCC,control,0.17032892269478733,6.155826167270987,7.5412931482206735,2.5964035987854004,-0.11914566159248352,2.7866291804939833,-0.27718505374899266
CGAACATAGAGTCTGG,control,-4.098064220332308,0.03653880391027444,5.052619626952719,5.402313232421875,-3.0782077312469482,7.043968840742068,-2.05715734670517
GTACGTAGTACCGTAT-1,control,3.8547537860767744,11.437920330639455,6.9846118610520564,-3.9027578830718994,1.2499951124191284,-1.9805629499667747,0.6482186653298165
AGCATACAGTTCGCGC,control,-4.123551171802973,0.0,5.695598039624727,7.542204856872559,-4.617205619812012,7.059287585698508,-2.066328348550484
ATCTACTGTTGCTCCT,control,3.2055133971713565,10.50715121577887,6.4401589148617715,-1.2408039569854736,0.4494015872478485,-1.1668571209203027,0.5621258162001245
CACATTTCACTATCTT,control,1.6352734585278046,8.256011479580303,5.553223106310263,1.2927477359771729,1.4947277307510376,0.9367814181521439,0.19901127475510264
GACGGCTAGTTGTCGT,control,-0.42573121618077353,5.301297740904546,5.651140624987888,3.346400022506714,-2.957792043685913,3.500267049101188,-0.5008907694749695
GCATGTAAGCCTTGAT,control,-0.3149620134593425,5.460099556892397,6.0016401132201835,2.9775993824005127,-0.8498732447624207,3.369094839142986,-0.45798151889161354
GGGCACTTCAGGCCCA,control,6.740851490840298,15.575510431268965,11.242997314297698,-6.229099273681641,-0.48427048325538635,-4.519256886097826,0.6800201836681397
CTGCCTAAGTTAAGTG,control,-3.513172642632632,0.875055669724436,3.8709189400449273,7.928823471069336,-2.335866689682007,6.658472094129905,-1.8356235066048205
AGCAGCCAGTAGCGGT,control,3.5714787187204147,11.031809299639253,5.486220293741067,-1.9641683101654053,-1.016398310661316,-1.635163354147217,0.6155908892332329
CCGGTAGCATGTAAGA,control,-0.959687549929837,4.535803060304475,4.743645749770345,4.22439432144165,-0.1491931974887848,4.123727655400873,-0.716121996733904
CGTCACTCATACTACG,control,-1.015225733148439,4.456181973078994,6.83759581342891,4.074151039123535,-1.707399845123291,4.1877236196654595,-0.7392703204613815
TCAATCTCACCCTATC,control,-3.4381131777160383,0.982663010420094,4.793232129674056,7.0572733879089355,-1.7846847772598267,6.602619647888449,-1.8052367820591977
AGCGTATGTTAAAGAC,control,-2.7097792258401667,2.0268228613704258,4.413985571666298,6.760336399078369,-1.790654182434082,5.990960215298527,-1.4930299468949801
ACATCAGTCCGCATAA,control,-1.2309419430480928,4.146925202889623,4.77371340559758,5.043505668640137,-1.2801425457000732,4.434300122176834,-0.8306945164839378
CGAGCCATCTTATCTG,control,-4.123551171802973,0.0,4.668765752398177,7.850869178771973,0.21692945063114166,7.059287585698508,-2.066328348550484
ACGCCGAGTTCAGACT,control,0.5263676124805579,6.666253155195641,5.973487980346545,1.106286883354187,-1.6467903852462769,2.350673495284727,-0.15176634891118385
TCAACGAAGCAGATCG,control,1.94961632131771,8.706662167925458,5.8599297068503935,0.26926201581954956,0.5615504384040833,0.5197709233652539,0.28632926020425287
TCTTTCCGTTAAGTAG,control,-1.5232183228021068,3.727909639583485,5.5520347694147745,3.7733449935913086,-0.2712363302707672,4.763151699939408,-0.9577707758499839
TTCTTAGCATGAAGTA,control,1.3147401316299632,7.796485969371349,5.5696885946191035,2.041656970977783,1.334214210510254,1.354844622571527,0.10412327994930101
CATGACAGTCGCTTCT,control,-4.123551171802973,0.0,6.373389632897808,4.56656551361084,1.0275158882141113,7.059287585698508,-2.066328348550484
GCTCTGTTCTAACTCT,control,0.21005022626820288,6.212771735045148,5.2033387119861425,2.0093419551849365,-0.818942666053772,2.7383711798459838,-0.26289267162228874
GTCAAGTAGGGATACC,control,0.5000100474033007,6.628466215356301,6.828789528292932,1.9585894346237183,2.671478271484375,2.3832627126689805,-0.16081085770239914
ATTCTACGTGGTACAG,control,0.17432274967607647,6.1615518289331455,4.294498061453412,2.9162747859954834,-1.1239231824874878,2.781789399537929,-0.27573782237376354
AGCCTAATCACCCGAG,control,0.6438144375558281,6.8346281966849665,5.142372711171318,2.3791072368621826,-0.546468198299408,2.205099707658403,-0.11172422318453591
CAGTCCTGTAATAGCA,control,-0.9011002209568988,4.619795487858349,4.784081806531388,4.730118751525879,-0.517322838306427,4.056122260958821,-0.6917808063479989
CGTGTAATCCATGCTC,control,-0.9804824906149063,4.505990853815516,6.325149365135895,4.134310245513916,-3.053081512451172,4.147715844952219,-0.7247681631330586
AGGCCACAGTGTCTCA,control,1.0324019168871539,7.391718036386567,5.5808870111814946,1.1585806608200073,-1.4781275987625122,1.716661533610717,0.01601509038424951
GCATACAAGAGTGAGA,control,-1.3125879914009433,4.029875152621851,4.8842575504381935,4.4719929695129395,-0.09512955695390701,4.526852001065122,-0.8658182549677159
CCACCTAAGTCATCCA,control,-3.2264845033836975,1.286059775706869,6.012424080746128,9.271666526794434,-2.1324408054351807,6.438511652890838,-1.71774673233358
AAAGATGGTCCGTGAC,control,-1.4477763071743204,3.836065415639806,5.705640575362798,5.407409191131592,-0.2982513904571533,4.678916631809249,-0.9246424903458459
GATTCAGAGCAGCGTA,control,1.2806140877478882,7.747561921821929,4.728312850031625,1.7911324501037598,0.6272708773612976,1.3989549514305348,0.09373206120738034
GTCTTCGAGCAGCGTA,control,-0.8693528172307503,4.665309450591209,4.303873788620619,4.258141040802002,-0.9137926697731018,4.019324157803073,-0.6787312046004955
GCGCCAATCGGAATCT,control,0.721224727948477,6.945605746296969,6.226822241445814,1.3780640363693237,0.10159879922866821,2.108657579715096,-0.0856841465311009
CTCGGGAAGTGAAGTT,control,4.478127427370312,12.331606155257388,11.070709629878989,-4.50524377822876,1.5778616666793823,-2.6751816912091964,0.6948669620081979
CACATTTTCGACAGCC,control,0.09667196229033022,6.0502294961295595,5.141275319133342,2.4481353759765625,-0.31085342168807983,2.875887817865229,-0.30387591056396235
GTTCATTTCAGCTTAG,control,3.6658091771418713,11.167044073676275,5.807530839598161,-3.3950910568237305,0.12440501153469086,-1.752018341500788,0.6272904147326276
CGAATGTGTGTCGCTG,control,1.556512709073229,8.143097874221917,5.237208807700316,0.9106698632240295,-1.0845167636871338,1.0402292958729178,0.17623677945879393
CTAACTTGTGTAAGTA,control,2.2874566119970763,9.190999423729927,6.636449850910514,-0.530716061592102,-1.0364893674850464,0.0654222034140218,0.37295781698438535
CTCGAAATCATCACCC,control,1.4278772924752627,7.9586825561169094,6.316351903963169,1.0695406198501587,0.6139898300170898,1.2081490420827754,0.13825074840711365
ACGGGCTGTCACTTCC,control,2.1637351312930577,9.013628861066278,4.69920588089095,0.5080534815788269,0.3808308243751526,0.2324076574058705,0.34222026083348284
CTGCTGTCAGGTCCAC-1,control,4.038783924788184,11.70175106613155,7.341719622570742,-1.755480170249939,-0.11319848895072937,-2.19500004290097,0.6652836971035267
CTCTACGGTCTTTCAT,control,3.623567819373402,11.10648568597807,7.61389969176527,-0.6296647191047668,2.040050745010376,-1.6999611758357633,0.6221784716144901
AAATGCCAGATGTGGC,control,-1.4020362473031585,3.9016396401758486,5.06349093467683,5.340017795562744,-0.47847163677215576,4.627674742995732,-0.9046323019911231
GGTGTTACATCGGGTC,control,1.4667766541204084,8.014449765036453,5.835486618532893,1.5373945236206055,-0.6779773831367493,1.1575328717027669,0.1498578719682092
CACACTCGTATGCTTG,control,3.1041754992690995,10.36187038121567,6.268398197607087,-1.2597283124923706,0.896630048751831,-1.033639064911294,0.5450042692571828
TAGAGCTAGACACTAA,control,-1.4630755066239052,3.8141320569438486,6.170884941877552,3.661094903945923,0.4908183515071869,4.696056090728622,-0.9313355262431531
CTACGTCGTCCTCTTG,control,1.2204693122032277,7.661336695459206,4.923479852093413,1.6474971771240234,-0.2342853546142578,1.4763195581966546,0.07515810174079139
CATGCCTAGTGTACTC,control,-2.5316620063934496,2.282176671020739,4.1492674997208665,5.90270471572876,-1.494895100593567,5.822236506173064,-1.412955307465371
AACTCAGGTCTCCATC-1,control,1.9002904881208502,8.635947278819737,4.4565637495561825,0.820846676826477,-0.11005499958992004,0.5856213908784541,0.2730240370965131
GCAAACTCAAAGCAAT,control,-3.246313321346749,1.2576326296765408,4.362728054919936,5.5118818283081055,-1.7768782377243042,6.454381973828012,-1.7260755632625
CTCACACTCTCAACTT,control,0.22895053012022998,6.239867737369659,4.824699478930821,2.886387586593628,0.13762259483337402,2.715356816332552,-0.25613490595605476
TCGTAGACATTGAGCT,control,4.081433444184151,11.762894605713768,7.185817377121322,-2.610245704650879,0.7772775292396545,-2.243994018774829,0.6689710655309513
ACAGCCGTCAGTACGT,control,0.9585835657885902,7.285889991048359,5.973006814375778,0.784909725189209,-1.7231272459030151,1.8102947032300536,-0.007673666449218849
GCATGCGTCACCGTAA,control,2.1217365852331227,8.953418575000216,6.358056867823216,0.5176370143890381,2.5696661472320557,0.2889047186580953,0.33143665058226285
TTAGGACTCATATCGG,control,-2.3997395615868755,2.471304364370001,5.364060359294003,7.2380523681640625,-0.955140233039856,5.692909084503653,-1.3531589939392676
CGGAGTCAGACTCGGA,control,0.6597112723416897,6.857418342054183,4.66089395474219,1.7452577352523804,-1.5903326272964478,2.1853386569328648,-0.10634562283062675
TAGACCATCCGTAGTA,control,2.50772081692731,9.506776326340727,6.109533277346909,-1.0143450498580933,-0.21957804262638092,-0.23265591428761756,0.4249249433469919
ATGGGAGAGTGGCACA,control,-2.2853605025146067,2.635281371023528,4.677985078915517,5.748173713684082,-2.3229622840881348,5.578159953151061,-1.3011392726606217
GACGGCTCATTCTCAT,control,-3.8521388588128214,0.38910425574418334,5.178392373020703,5.645717620849609,-0.9712312817573547,6.891594949077997,-1.9671349784372554
TCACAAGAGTAGATGT,control,3.391952677550423,10.774435763904771,4.667699189182304,-1.5864977836608887,0.3290030360221863,-1.4081838488050105,0.5909805234931083
AACCGCGCAGATGGGT,control,-1.4850134971412368,3.782681142360327,4.896170058497842,4.313867092132568,-1.3171265125274658,4.720632885644228,-0.9409328753417866
AAAGATGGTTGCCTCT,control,-0.2524039814510428,5.549784494975119,5.585622411185283,3.567986488342285,-1.748763084411621,3.2946686565662997,-0.4340770351626138
CTCTAATCACCTCGGA,control,-3.3403417978097787,1.1228307853908905,5.736330755906388,8.554817199707031,0.16229771077632904,6.528187729438743,-1.7651894874361054
GGATTACTCTTTAGTC,control,-0.2311200957871051,5.580297666611925,6.95285726019168,2.59266996383667,-1.9041388034820557,3.2693400439753812,-0.4259506363581237
CTGCTGTCAGGAATGC,control,-1.8459770260226973,3.26519376786044,4.677600382863229,4.9988932609558105,-2.0467536449432373,5.117286968444218,-1.1017030927348583
ACTGCTCTCAGCGATT,control,0.3894940438355461,6.47002739273143,5.302402056081807,3.617398977279663,0.11431469023227692,2.5192610854610895,-0.1992146430237463
AAAGCAATCCTCAATT,control,-1.4422796087322485,3.843945635710847,5.367248728956967,4.677135944366455,-0.7547625303268433,4.672758764696625,-0.9222378155057871
CGAACATTCCAGTAGT,control,1.5904319935544142,8.191725505732157,5.918075114507673,0.5975146293640137,1.030626893043518,0.9957771154021976,0.18612185711497933
TCAATCTGTTGTTTGG,control,-1.3786840698169136,3.9351179726092087,4.349231989860347,5.808740615844727,-0.15079055726528168,4.601405844448268,-0.8944719068030735
CGACTTCGTAAGAGAG,control,0.6084940681106707,6.783991930724305,5.904386405361438,2.3786516189575195,-0.08596768230199814,2.2490057821476013,-0.12367466200817444
GAACGGATCAGTTGAC,control,6.524918637270599,15.265943074676693,10.557253226859071,-3.464769124984741,-4.7357330322265625,-4.378706851850766,0.6891918271907925
GTCAAGTAGGCGTACA,control,2.816777612207522,9.949848760989457,5.191152966582365,-0.8934881091117859,0.4051351845264435,-0.6501970158881132,0.4911613716003116
GGCAATTAGCCAACAG,control,-3.1177690263194844,1.4419173133583743,4.981725114379306,7.4755473136901855,-2.528271198272705,6.349821137471347,-1.671667818084461
GAACCTAAGGCTACGA-1,control,1.8582059699342686,8.575613740717003,6.833045568267458,-0.17845414578914642,-2.649554491043091,0.6417150859613703,0.2615813331616787
AACGTTGTCCTACAGA,control,-1.8758521155783834,3.2223640069008557,6.720634349677314,6.497842311859131,0.379319965839386,5.149603958957032,-1.1151514916193437
ACGCAGCAGCATCATC,control,-0.03602479261844541,5.859991730238956,4.855541850094301,3.422929286956787,-1.4665467739105225,3.0358474532203394,-0.352684376845716
ATTACTCCACAGTCGC,control,0.7665620223062147,7.010602554968514,4.816470061608357,2.2286808490753174,-1.0469762086868286,2.0519893549891317,-0.07056294123058228
CGAACATTCATCTGCC-1,control,4.572133606624929,12.46637603364367,6.572781832824469,-4.603920936584473,0.5885149836540222,-2.7721995577109175,0.699374395234448
TACTTACCAGACACTT,control,-1.5107254081587738,3.7458198301743817,6.155320163093063,4.260598182678223,-1.4918266534805298,4.749260606015182,-0.9522593000127502
GGTGCGTGTTCCTCCA,control,0.788764350323921,7.04243243115925,5.915648677219124,2.328956127166748,2.3559443950653076,2.024238106676445,-0.06315786854459182
CCTCTGACACACATGT,control,-4.123551171802973,0.0,3.579433986918199,6.578659534454346,-2.168355703353882,7.059287585698508,-2.066328348550484
GTAACTGAGATCGGGT,control,1.5371514375033355,8.115341015730616,7.285805259905339,0.03695553541183472,-3.3141913414001465,1.0655639677426638,0.17056413116639388
GCTTGAATCAGTGCAT,control,1.377765016109736,7.886840200167632,5.539448661545681,1.1087833642959595,-1.8185940980911255,1.273304235973624,0.12326140239280517
TGCCCTAGTAAAGGAG,control,-3.776153196132285,0.4980394193659302,6.343407610621545,5.685904502868652,-2.580040693283081,6.841600189090056,-1.9383594974668457
AATCGGTGTACCGGCT,control,4.736630843249792,12.70220385635271,7.999903282266421,-4.676469802856445,-1.5395995378494263,-2.936259829596315,0.7056036216901621
TGAGCATGTGTGAATA,control,-1.443721649235183,3.841878286258401,6.877798314291695,4.935897350311279,-1.2199182510375977,4.674374260595059,-0.9228686739296751
GTCCTCACATCCGGGT,control,-1.179226977230154,4.221065219102355,5.854497944515089,4.322536468505859,-0.730873167514801,4.375475592325922,-0.8085756801609185
TTGGAACTCAGGTTCA,control,-1.4199726789643434,3.875925471885757,4.125479213658001,4.876533031463623,-0.8801328539848328,4.647768652786899,-0.9124790642595348
GGCAATTCACGGTGTC,control,-2.334372244356787,2.565016772037115,4.525964004502676,4.464441776275635,-1.8445056676864624,5.627631080883752,-1.323445276748881
ACGATACTCGGTGTTA,control,-1.3367571300038306,3.995225601964229,5.049487532765031,4.156127452850342,-2.4246699810028076,4.554113863149663,-0.8762959428923948
TAAGAGAAGACAGGCT,control,-4.123551171802973,0.0,4.832335158271026,7.186588764190674,-1.2662334442138672,7.059287585698508,-2.066328348550484
TACGGATGTCTTGATG,control,4.3149914422437865,12.097729860632338,7.430983584417292,-5.262316703796387,-1.8601855039596558,-2.5026702293431273,0.6857787575591245
GTTTCTAAGTCGAGTG,control,2.776495883640982,9.892099752326974,6.14227691590181,-0.26040440797805786,2.900669574737549,-0.5959509247088947,0.48297846766727903
ACCCACTAGTCTCAAC,control,0.7794601646488878,7.029093691282254,3.40624756073747,2.263658285140991,-0.447225958108902,2.035867642408431,-0.06626106435147416
AGCTCTCGTGATAAGT,control,-3.5008458279776518,0.8927277347430794,5.163628954678541,6.939403057098389,-2.1407246589660645,6.649299596649265,-1.830633176313204
TTGCCGTAGCTTCGCG,control,1.5933475689528183,8.195905355875887,6.112384799451856,1.9811519384384155,1.9262797832489014,0.9919412370780621,0.1869599222627971
GGTGAAGAGCTGTTCA,control,2.525122553722306,9.531723941169531,11.03823247741303,-0.90711510181427,-1.555997610092163,-0.25622129098022395,0.42889117610381633
GGGCACTAGATCGGGT,control,-3.0322103146020174,1.5645766668655388,4.93525589055629,6.55042028427124,-2.5911033153533936,6.2779476306493915,-1.634909942453627
CTGAAACGTTTGACAC,control,-1.3660788718039527,3.9531891357679676,3.967114879364327,4.730587005615234,-0.07534685730934143,4.587187664172012,-0.8890073624029349
CAGTAACTCCTATTCA,control,0.3189643352453733,6.368914036942633,5.287862943433832,2.823401689529419,-0.20315960049629211,2.6055698501574773,-0.22409340794017507
CCTACCAGTTTGGCGC,control,-4.123551171802973,0.0,4.313436086267279,6.049050807952881,-1.1704493761062622,7.059287585698508,-2.066328348550484
TTCGAAGTCAAAGTAG,control,-1.8004789651546342,3.3304210558815024,5.196597643720673,6.189831256866455,0.9079970717430115,5.068070031414324,-1.081221946732474
TCTTCGGCATAAAGGT,MAP4K5,2.7032334254849726,9.78706865060309,8.134306280029197,-0.638259768486023,-1.8515536785125732,-0.4971324381334695,0.4677692504502832
CTTCTCTGTCTCCCTA,MAP4K5,3.1767100614426047,10.465857950973701,6.275247260441625,-0.005339468829333782,3.363934278488159,-1.1290884915592894,0.5573371654954685
ACGATGTAGGCAATTA,MAP4K5,5.62443917615538,13.974990624251662,7.709707573474718,-7.179477214813232,-0.48492124676704407,-3.7228957702574577,0.7134685110631772
AAGACCTTCGACGGAA,MAP4K5,1.0980170125010378,7.485785666049891,5.69807883113156,2.4317290782928467,1.283109426498413,1.633164011620109,0.036889671092232845
TATCTCACAATGGACG,MAP4K5,1.8773275619481091,8.603026987917248,6.204124436231076,0.6249932646751404,-0.41862934827804565,0.6162771208670632,0.2668299834711943
TTCTCCTTCCTAAGTG,MAP4K5,1.2861385098593512,7.755481887318025,5.723163542960952,2.5347747802734375,-0.11162124574184418,1.3918488521826289,0.09543811782568871
GGAACTTGTTCGAATC-1,MAP4K5,3.9828222894616516,11.621522906163184,6.806287505301681,-1.3981703519821167,1.2950695753097534,-2.130713667582304,0.6604453971608171
ATTACTCGTCTGGTCG,MAP4K5,-1.345819802816359,3.98223310165751,5.469817538454374,4.969725608825684,0.7034042477607727,4.56433621076378,-0.8802247489228173
CCTCTGATCGTCGTTC,MAP4K5,2.2145711762451685,9.086508831831594,5.182806700155004,0.5618383884429932,1.0862313508987427,0.16382812609691094,0.3549315734847313
GGGTTGCTCCCAGGTG,MAP4K5,1.5038793997054465,8.067641295103314,6.839735508326063,1.3710631132125854,3.5606844425201416,1.1091011991173902,0.16081577513938755
CACAGGCAGTACGCCC,MAP4K5,6.740851490840298,15.575510431268965,9.302063919418957,-10.836246490478516,-1.3056766986846924,-4.519256886097826,0.6800201836681397
TGCACCTCATGCGCAC,MAP4K5,-2.8984844583001084,1.7562897811928027,4.529496762456055,7.1117329597473145,0.7427952289581299,6.161964929882446,-1.5766540396853652
GCTCTGTCATTGCGGC,MAP4K5,-2.3489505706400733,2.5441168772019833,4.596595373014971,4.526585102081299,-2.8398802280426025,5.642346049472537,-1.3300800992108548
AGGGAGTTCGAGCCCA,MAP4K5,4.618565071274004,12.53294147533771,6.934725692654088,-4.9979119300842285,-3.5888757705688477,-2.818917537381371,0.7012480357036419
GGACAAGAGTGGGCTA,MAP4K5,2.2969083371761547,9.20454968035162,10.148372589533272,-0.5851714015007019,3.348914623260498,0.05264415246579623,0.37525418384563536
GACTACAAGACTAGGC,MAP4K5,4.485025560700608,12.34149551144001,4.327921534325313,-2.139673948287964,-0.36555877327919006,-2.682326538380249,0.6952052672600754
GGGCACTCAATCTACG,MAP4K5,5.06743317899808,13.176451303831064,7.5804845031283135,-2.6742563247680664,1.1799952983856201,-3.248484866172202,0.7133018869196844
ATAACGCGTGTCCTCT,MAP4K5,1.980326601986692,8.750689282140549,6.069659224299805,-0.5048636198043823,-2.527885913848877,0.478716183569408,0.2945476595067981
CCACTACAGGTCGGAT,MAP4K5,5.382985099281636,13.62883533069368,8.131097232907365,-6.590561389923096,-1.1476271152496338,-3.5250157349063316,0.7152313387586677
CTTACCGTCCTTTCGG,MAP4K5,-3.9746898240075317,0.21341177673513664,4.714275414340658,6.705069065093994,-0.9666834473609924,6.969236578834086,-2.012568447847896
CTTAGGATCTCTGCTG,MAP4K5,-2.470520273150806,2.3698311637229605,4.5386727571030026,6.2639594078063965,0.15301087498664856,5.762846840476053,-1.3852882432518843
CGGAGTCAGTCGATAA,MAP4K5,-4.123551171802973,0.0,3.465504594041558,6.525979995727539,-2.9846882820129395,7.059287585698508,-2.066328348550484
TTGCCGTAGCTATGCT,MAP4K5,5.0404422179888675,13.137756309931907,5.101397975720891,-3.0027644634246826,2.5870211124420166,-3.223735498307842,0.7128647463078539
GATGAAAAGTACATGA,MAP4K5,-2.3338031017562058,2.565832710730433,5.811992049196826,7.033809185028076,-0.8833262920379639,5.627056603723113,-1.3231862511215882
CACACTCTCACGAAGG,MAP4K5,5.5791852711810135,13.910113364924051,7.915792784913093,-4.038766384124756,5.724623680114746,-3.6866064997675747,0.7139802952331699
CTCACACTCCCACTTG,MAP4K5,-0.4462522514725737,5.271878212820697,5.113741072708956,3.685645818710327,0.0008495646179653704,3.524477686994092,-0.508926965507501
CATGACATCCCTTGTG,MAP4K5,2.489526249848472,9.480692087922053,5.495921172828535,0.6219889521598816,1.939854383468628,-0.20801688934299353,0.4207780073948819
GGAGCAAAGCTGCGAA,MAP4K5,4.012744703817905,11.664420513275731,7.33170508238263,-2.553212881088257,1.6206393241882324,-2.165087279942319,0.6630324126191905
GCTGCAGCATATACGC,MAP4K5,1.6266474178290626,8.24364494724017,5.809325321740265,0.8720656633377075,-0.8079356551170349,0.9481302731869115,0.19653176965390304
CGTTGGGAGTTTAGGA,MAP4K5,0.8920831834478101,7.1905531896617845,5.9338136536784045,2.186619758605957,1.9292093515396118,1.894359487760307,-0.029206898310591256
AACTGGTCAGGCAGTA,MAP4K5,-2.728898220563788,1.999413337717821,6.264586460252643,7.067234039306641,-1.8289766311645508,6.008703358756133,-1.5015744090626677
GACCAATTCTGCTGTC,MAP4K5,-3.2512153228090748,1.2506049837689495,3.982577674193194,6.326560020446777,-1.1568318605422974,6.45830537140958,-1.7281345836977628
GACTACAAGTGGTAGC,MAP4K5,-4.123551171802973,0.0,5.331756227160364,5.885651111602783,-1.7236071825027466,7.059287585698508,-2.066328348550484
TGTCCCAAGACTAAGT,MAP4K5,-2.2340730758190723,2.708808455235527,6.812848905218713,6.780954837799072,-1.1941285133361816,5.525889823614859,-1.277790474164378
CTACCCATCCAAAGTC,MAP4K5,-2.96671370808052,1.6584744272639098,7.717789118733163,6.460770606994629,0.1192052811384201,6.221998814902226,-1.6065579625786626
CAAGGCCTCCACTGGG,MAP4K5,0.3429089162951097,6.403241655633986,4.3407817257210795,2.365635871887207,-1.0275697708129883,2.576268336612542,-0.21564715720603023
GGGAGATGTGAGGGAG,MAP4K5,-2.589627427756877,2.1990758275474622,7.26832198279623,6.919493198394775,-1.2109065055847168,5.877901181738807,-1.439111433858618
CACATTTTCTGGTATG,MAP4K5,3.991122231838219,11.633421934860792,5.4812233078836075,-3.0700531005859375,0.6239149570465088,-2.140248292645171,0.6611629889626064
AGATTGCCACCAGGTC,MAP4K5,1.914594287091765,8.6564536036492,6.29605922845043,1.3149166107177734,1.4103574752807617,0.5665256800023628,0.2768823649596578
GATGCTACACGTCTCT,MAP4K5,-2.563664659202462,2.2362967760892873,5.0157192658730185,5.629478454589844,0.42054909467697144,5.85322792354961,-1.4274258928685701
GTACTCCAGACTTGAA,MAP4K5,0.4311849958320167,6.529796703375939,5.499448979670712,2.29557466506958,0.7889344096183777,2.4679823199500053,-0.18470855790833435
ACGGGCTCAGTCACTA,MAP4K5,4.049600099291127,11.717257435329028,4.337045865479697,-1.5220394134521484,1.3164829015731812,-2.2074252097058924,0.6662188359030379
GGACATTGTATAATGG,MAP4K5,-1.6050112774339378,3.6106489803801156,4.481662837953602,5.330830097198486,-1.4072458744049072,4.853927187795308,-0.9939185222973892
CCTAAAGAGCCATCGC,MAP4K5,2.5722527735985588,9.599291137830482,5.444265765424909,-0.41454631090164185,1.6231499910354614,-0.32002296050854917,0.4394422519891456
GCCAAATTCTCTTGAT,MAP4K5,0.49442035320981137,6.6204526739843805,6.631705920068336,2.919325351715088,0.049336664378643036,2.390173964093351,-0.16272894224947448
CTACACCAGAAACGAG,MAP4K5,-2.684480283285543,2.0630921304591463,5.169425129305071,5.273217678070068,-0.8138740658760071,5.967481848702305,-1.4817236067518234
TCGAGGCGTACCTACA-1,MAP4K5,3.3721159856887084,10.745997329633886,5.834743772078275,-2.0169880390167236,1.3608418703079224,-1.382762311676252,0.5880730028212114
ATGTGTGTCTCTGCTG-1,MAP4K5,-3.726100987364208,0.5697956607335124,5.976668196543645,5.006855487823486,-1.986486554145813,6.808032041820314,-1.9192042312918105
TCAATCTGTATTACCG,MAP4K5,6.740851490840298,15.575510431268965,11.04915420184741,-6.916331768035889,-2.0647616386413574,-4.519256886097826,0.6800201836681397
GTCGGGTTCAGAGCTT,MAP4K5,6.301399448072007,14.945499735907395,8.155953362301924,-6.140420913696289,6.103372573852539,-4.226900056503243,0.6974648458610118
CTGCGGAGTTCCCGAG,MAP4K5,0.6178880800809307,6.797459448081458,5.184040055038706,2.9094221591949463,-0.7295967936515808,2.237328265864566,-0.12049625342630983
TTGTAGGTCAGTACGT,MAP4K5,3.132758471099926,10.402847726195573,5.193054076658382,-1.9387273788452148,-0.7747126817703247,-1.0714565790227604,0.5500300668994152
AGATTGCAGCGTCTAT,MAP4K5,5.225182405181976,13.402604990715318,6.199488188192477,-4.0991315841674805,-0.23022349178791046,-3.3892367030585078,0.7148784197201963
CAGTAACGTCTGGTCG,MAP4K5,0.33261285416418507,6.38848093402776,4.233427812185719,3.0524041652679443,0.5571314096450806,2.5888678556169524,-0.21927900702422046
GGGCATCCATCCGTGG,MAP4K5,-0.01021745514808419,5.896989848447058,4.981278635692911,3.4356260299682617,-0.1548585295677185,3.0048561769550957,-0.34308797787729156
GGCAATTAGTTAACGA,MAP4K5,1.0956363378413507,7.482372664512042,4.0124690309011415,2.1641011238098145,-0.014582042582333088,1.636208516962897,0.036142404689754895
CTTTGCGAGGAGTACC,MAP4K5,0.005121723452893794,5.91898052236861,4.442308891640017,2.858760356903076,-0.8565737009048462,2.9863549475975977,-0.33745539926699947
GCATGTATCCTAGTGA,MAP4K5,1.2713725433763492,7.734312986263339,5.5935170058614805,0.8992105722427368,-0.8894287943840027,1.4108424086492402,0.0908780798098075
CCTATTAGTCAGAATA,MAP4K5,-0.9551673014926757,4.542283414436324,8.42940515171282,1.0891822576522827,-3.536648988723755,4.1185132824448765,-0.714242557848018
CAGCAGCGTATTAGCC,MAP4K5,-1.13624590597901,4.282684080663993,5.60646145725678,3.5408458709716797,-0.24715308845043182,4.326407917594772,-0.7903107212454221
AGTCTTTCAGCGTCCA,MAP4K5,3.2999557266906305,10.642546371339398,5.466836535430521,-1.6125149726867676,-0.6788840889930725,-1.2897600142943284,0.5771676142098309
CTCGTCAGTACGCACC,MAP4K5,-4.123551171802973,0.0,3.9576906412029333,7.305593013763428,-1.8040297031402588,7.059287585698508,-2.066328348550484
GGAAAGCGTTAGTGGG,MAP4K5,-0.12491988222510764,5.7325492524101485,5.097613778096986,3.777496099472046,-0.16356231272220612,3.142505421890691,-0.3858242332638894
TCAGATGCAATAGCAA,MAP4K5,1.8836582479987383,8.612102835865862,5.718234798819884,1.3391783237457275,1.750339150428772,0.6078255933591659,0.26853763207780795
TTCTCAACACCCATTC,MAP4K5,0.12049288161045728,6.084379829919083,5.014209038693208,2.9905667304992676,0.4345301687717438,2.8470212614967654,-0.2952439938614101
CACCACTGTTCGCTAA,MAP4K5,0.30034205712347284,6.342216620052979,5.158662599461448,2.342644691467285,-0.6573423743247986,2.6283583438668896,-0.23066226082308175
CAAGAAAAGTACTTGC,MAP4K5,0.5110366933797463,6.6442743223237075,5.611158253360027,2.5480031967163086,-0.9005351662635803,2.369629064731764,-0.15702710164681288
CAGATCAGTAGCGATG,MAP4K5,1.2991929185366962,7.774197051404052,5.772696361233248,2.1157195568084717,2.619908332824707,1.3749593086452763,0.09940221666945188
CATGACACAGTGACAG,MAP4K5,-4.123551171802973,0.0,4.443090615521074,8.338911056518555,-2.493197202682495,7.059287585698508,-2.066328348550484
CTTAGGACACAGAGGT,MAP4K5,-0.46683343149581513,5.242372459573714,4.48123933966803,3.3582236766815186,0.2950555980205536,3.5487592834080144,-0.5169867146817386
CACCACTGTGGCGAAT-1,MAP4K5,-0.8941531895954057,4.629754945621208,7.021235599604279,4.919610977172852,1.8741177320480347,4.048070025290306,-0.6889252659902141
TTCTCAACATACGCTA,MAP4K5,-1.2912399105226051,4.060480356307042,5.924709861757875,5.7570013999938965,-0.1030307337641716,4.502740781428907,-0.8565821127335266
ACGCCGAGTCAACATC,MAP4K5,2.333722072462096,9.257326877199427,4.912541851194281,-0.17724941670894623,0.4200823903083801,0.0028746367249549015,0.3841983543698264
CTAGTGACAGCATACT,MAP4K5,2.220877827910004,9.095550223414932,4.458067397164505,0.028114285320043564,0.17588160932064056,0.15532024127403066,0.35650852191118276
TTAGGCACACTTCGAA,MAP4K5,3.3331034808607973,10.690067915494405,6.272094182224793,-2.9497828483581543,-0.1520329713821411,-1.3327661809261078,0.5823548283876736
TACACGATCCTGCAGG,MAP4K5,-3.7482314270062527,0.5380688457215425,7.106552095517917,6.5854411125183105,-2.75058913230896,6.823229063582294,-1.927785629873899
GAATGAAGTCAGGACA,MAP4K5,-0.3331528143107677,5.434020717842301,4.935833875010659,3.540173053741455,0.9179229140281677,3.390648916303167,-0.465016018119627
CAACCTCGTTACGCGC,MAP4K5,0.7464187024712229,6.981724530289892,5.296378035158031,2.1765987873077393,1.3710993528366089,2.0771669971776867,-0.07728127938846883
TCATTTGAGAGCTGGT,MAP4K5,3.3319187601104354,10.68836946681035,3.967140834821483,-0.632012665271759,2.0720746517181396,-1.33122911456135,0.5821694342206505
ACTTTCAAGTGTGGCA,MAP4K5,1.9295991518837705,8.677964995977401,6.152096400421524,0.8574487566947937,0.6454252004623413,0.5464940394301196,0.2809297993529568
AATCGGTGTGTAATGA,MAP4K5,2.6189789838814224,9.666279135079227,6.8124070910434895,-0.5443122982978821,1.2489045858383179,-0.383256721495021,0.4497201154424081
GACGTTAGTCGCTTCT,MAP4K5,3.5358968941945803,10.980798204388584,5.629004497552313,-1.1289108991622925,2.8754236698150635,-1.5908543726392264,0.6110674837167208
ATCACGAGTATCAGTC,MAP4K5,-2.0167326218188775,3.020393787032605,4.5462062655490625,4.363165378570557,-2.7196717262268066,5.2997159190756005,-1.1789408144068632
TACAGTGCAATCCAAC,MAP4K5,4.174695170681452,11.896597215880414,7.520475861978519,-1.3632333278656006,1.046687364578247,-2.3486057183881535,0.6761301632168192
GCGCCAATCGCCTGTT,MAP4K5,3.2829194032689344,10.618122623306062,4.519870978825863,-1.7076423168182373,-0.6160774827003479,-1.26765694932935,0.5745016399800934
CTCACACCAGCTGTAT-1,MAP4K5,0.8584291889974899,7.142305885333016,10.20827985180712,0.6746704578399658,-2.640519142150879,1.9366797951441477,-0.040255511323785485
ATGGGAGCAGTAAGAT,MAP4K5,2.9976403909834604,10.209138681008636,4.68199377262667,-0.6950988173484802,1.77528715133667,-0.8923285371440719,0.5259320264059911
CGCTATCTCCTTTCGG,MAP4K5,1.3873182264811792,7.900535948789335,4.2635566958925155,1.6916046142578125,1.305322289466858,1.2609248334579217,0.12614838809563764
CTGCGGAAGGGCTTGA,MAP4K5,2.1065025483358806,8.931578635155276,5.3317660589245754,0.8047634959220886,1.494059681892395,0.3093969007590001,0.32752360936612734
CGGACTGGTGCCTGTG,MAP4K5,2.3557263401543547,9.288872808587966,5.775012117978175,-0.04684049263596535,1.5774179697036743,-0.026873546630231893,0.38954445470359655
AGACGTTTCTACTTAC,MAP4K5,-4.123551171802973,0.0,4.088796184626141,6.868028163909912,-1.5773615837097168,7.059287585698508,-2.066328348550484
GTTCTCGGTGTTGGGA,MAP4K5,0.23027072321452094,6.241760402981375,7.099539306938428,1.8886789083480835,1.197280764579773,2.713749254675458,-0.2556628735678324
GTCGTAAAGCTATGCT,MAP4K5,-0.27162486134106517,5.52222890590858,6.205978943978885,2.4010255336761475,-0.3027805984020233,3.3175422158438623,-0.44141575788579457
GGGCACTAGTAGCCGA,MAP4K5,2.85909712202403,10.010519189641707,5.614955937690331,-0.3289756178855896,0.2697242200374603,-0.7070644025803487,0.49957543700948354
AGAGCTTGTTCGGCAC,MAP4K5,2.9295253745017003,10.111487095120195,5.201077321908432,-0.46937769651412964,1.1058132648468018,-0.8014891372156384,0.513259696041002
TGAGGGATCATCGCTC,MAP4K5,0.6572406208048481,6.853876347157729,4.97733529422215,2.1790554523468018,-1.0137794017791748,2.1884098765185453,-0.10718155321610597
GGGACCTTCTGAGGGA,MAP4K5,-2.276243980907959,2.648351070462179,5.641781000621066,7.035630702972412,-1.9595993757247925,5.568957982604236,-1.2969902022422841
GAAATGATCCCAGGTG,MAP4K5,2.1681158980120783,9.019909250319861,4.221350750455623,0.44709908962249756,0.917712926864624,0.2264978560307374,0.3433156508361888
CATCGAATCCGTAGTA,MAP4K5,-0.41125581630173164,5.322050077578153,4.977887991973086,4.613559246063232,0.7985432147979736,3.483189028433951,-0.49522209099831654
GTGTGCGGTTTAGGAA,MAP4K5,2.339205814588192,9.265188522734812,7.647074868812491,-0.0597015842795372,4.209317207336426,-0.004538987237502026,0.38553067026511706
CTCGAGGGTGCAGACA,MAP4K5,-0.4577453837216585,5.255401338132584,6.253206021157113,3.8109400272369385,-1.4201443195343018,3.5380372398714766,-0.5134277649295633
CAGATCACAGACGTAG,MAP4K5,1.4885544500269692,8.045671020161597,4.89417276350592,1.4925036430358887,0.8694390058517456,1.1291542503915812,0.1563257265746066
TCACGAAGTCAAGCGA,MAP4K5,-1.535215893998745,3.710709587162226,8.707199894026251,4.763236045837402,1.2159444093704224,4.776492012677721,-0.9630637219433164
TGAGCCGTCAAGAAGT,MAP4K5,1.5742644011859395,8.16854719474691,5.3808687857248785,1.6693774461746216,2.6334049701690674,1.0170007959686225,0.18143783795264665
AGTGTCACACTTGGAT,MAP4K5,2.2621533061462187,9.154723899298128,5.203884679092878,0.5248713493347168,1.5056337118148804,0.09963044849043062,0.3668101908171964
GTGCATACACACTGCG,MAP4K5,-0.15569079633361343,5.688435212406397,5.449567984235685,2.333277940750122,-2.9372127056121826,3.1792851562565922,-0.39742254910233954
CGGAGCTGTAGGCATG-1,MAP4K5,-0.8617974301145211,4.676141064117992,6.427976758069546,2.5614511966705322,-2.6483147144317627,4.010566782967548,-0.6756256028396246
TACGGATCAGGTGCCT,MAP4K5,-1.1668493692283801,4.238810102878495,5.691541394280161,4.120450496673584,1.9589160680770874,4.3613451757099195,-0.8033157716699567
GCGCAGTCACGAGAGT,MAP4K5,2.7860398111487137,9.905782192776561,4.064779034222083,-0.38589245080947876,1.472105622291565,-0.6088034208706989,0.48491723853731744
TGCCAAATCCGTAGTA,MAP4K5,-1.5355946702183039,3.710166563017959,7.010253816801616,5.979063987731934,-0.9054142236709595,4.776913180691141,-0.9632308259411757
CCTAAAGGTGGTGTAG,MAP4K5,3.132758471099926,10.402847726195573,4.677554269239582,-1.2016769647598267,0.2773129940032959,-1.0714565790227604,0.5500300668994152
GGACATTGTATGAATG,MAP4K5,-0.01336828491797168,5.892472731080193,6.2219244778144205,3.7286124229431152,-1.4632251262664795,3.008645237493572,-0.34425491709693534
CAACCAAAGAGTGACC,MAP4K5,1.0003227699993706,7.345728477412018,6.228458077545309,1.5475159883499146,-1.3875423669815063,1.7574480562690729,0.005785735015842015
TAAGCGTAGTACTTGC,MAP4K5,-1.0961618565219957,4.340149691046049,14.725731892280336,1.3160821199417114,-1.6870537996292114,4.28061865237709,-0.7732981157518554
TCGTACCCAACACGCC,MAP4K5,5.649639977628974,14.011119195551577,8.52787897585169,-4.038000583648682,-1.5293885469436646,-3.7431043843373937,0.7131835108787155
GGGACCTCATCCCACT,MAP4K5,1.0140102132989892,7.365351177574232,5.507104522909467,1.34415602684021,0.3219839334487915,1.7400453735160764,0.010150368591869295
TACACGAAGACTAAGT,MAP4K5,1.482925715463275,8.037601509426956,6.155175459019106,1.108483910560608,-1.2948886156082153,1.1365195798173007,0.15467656673529306
GACTGCGCATCCTTGC,MAP4K5,2.9026571128180354,10.072968006393584,3.9282427642700943,-1.1862586736679077,0.30550384521484375,-0.7654662573295296,0.5080391738830444
GACTACAGTATATGAG,MAP4K5,-2.826966375261587,1.8588200981352194,5.348702191555233,5.126611709594727,0.17715929448604584,6.09815156787619,-1.5451402555252198
TGTGTTTAGATGTCGG,MAP4K5,1.0614604068025957,7.433377097344527,4.906823807218478,1.8766474723815918,-0.21234019100666046,1.679715577363822,0.025281222705478345
TGCGCAGTCGCGTAGC,MAP4K5,1.1765706697059892,7.598402378187875,6.359938280601434,1.580088496208191,-0.7011250257492065,1.5327063417394575,0.061546760872303034
AGCCTAACAAGTACCT,MAP4K5,1.1050987202595284,7.495938199648708,5.3734145632683505,1.322874665260315,-0.5032365322113037,1.6241076304724102,0.039112537731551024
AAGGAGCAGCTAAACA,MAP4K5,-0.2581562646540035,5.541537861468116,5.433103799326643,3.257483959197998,-1.6717684268951416,3.3015140867223116,-0.4362733139850859
GTATTCTAGCTAACTC-1,MAP4K5,0.5311184237690914,6.673064050656648,6.094602614819649,2.783456563949585,1.7382054328918457,2.3447994617243517,-0.15013612417917238
GGTGCGTGTTCGCGAC,MAP4K5,-2.1049104084157033,2.893979654788825,4.580968712018761,5.719941139221191,-0.6301849484443665,5.392358847395051,-1.2190013474998282
CATATGGTCTGGTATG,MAP4K5,-1.523333229098687,3.727744906714447,4.686353764523866,5.2033538818359375,-1.483364224433899,4.763279466293686,-0.9578214688463925
CCGTTCACACGACTCG,MAP4K5,-3.2640947175756017,1.2321407245028397,3.67368315647404,7.986367225646973,-1.0434318780899048,6.468613607069526,-1.7335444019570811
AAGGTTCTCAACACGT,MAP4K5,3.058499797025872,10.296388421568581,5.974039269441433,-0.45622438192367554,-0.266872376203537,-0.9732065275125235,0.5369730247106045
AAACGGGAGGAATCGC,MAP4K5,3.6277097979750526,11.112423741931936,6.602978988570789,-0.7230908274650574,1.838719367980957,-1.705113716146558,0.6227022976148958
TTCCCAGGTAATTGGA,MAP4K5,1.2286608068574756,7.673080250479826,4.805963409901883,1.6978380680084229,1.0912234783172607,1.4657827865982294,0.07768780591377973
TACTCATTCATCGGAT,MAP4K5,0.5606509279426423,6.715402671665078,5.9031106023004485,2.9067580699920654,3.019136428833008,2.3082846624402684,-0.14000214583779835
AAACGGGTCAACACCA,MAP4K5,0.6895677895889414,6.9002214772348145,4.854798249313947,2.2995266914367676,0.9150161743164062,2.148224592418866,-0.09624384619422452
GTGCAGCGTAAGGGCT,MAP4K5,1.3846736811374496,7.8967446548851745,5.881381292823202,1.267482876777649,-1.1587743759155273,1.2643659376826375,0.1253592860829208
CGGACTGCAGCTGTAT,MAP4K5,1.8050237844005674,8.499370277430609,5.851156312856187,0.11751574277877808,0.7097148895263672,0.7123938751917327,0.24691159581831645
ATCGAGTGTGCTGTAT,MAP4K5,5.017626102040283,13.105046490258143,5.411099163243411,-2.058695077896118,3.9445226192474365,-3.202814255575703,0.71249522071438
TGGGAAGGTGACAAAT,MAP4K5,-4.123551171802973,0.0,5.480796468471783,5.035542011260986,-3.0046539306640625,7.059287585698508,-2.066328348550484
CGAATGTTCAACACGT,MAP4K5,3.868563192817207,11.457717880989353,6.968405337995716,-1.50764000415802,3.483412265777588,-1.9968642158491154,0.6495809516740267
GTCATTTTCTACCTGC,MAP4K5,1.9436864766540123,8.69816097735998,5.561845130563833,1.3427667617797852,0.8381214737892151,0.5276873237193387,0.28472973514544936
CAACCTCTCGCATGGC,MAP4K5,-2.1662140553768308,2.8060930380674995,6.671179891122132,6.122947692871094,0.4257804751396179,5.456241020011089,-1.2468904745579679
CTGGTCTCACTTAAGC,MAP4K5,0.9769308923449468,7.312193229711174,3.937606873636943,1.8776136636734009,1.4393043518066406,1.7871013921636227,-0.0017326895274656605
ACTGTCCCACTTACGA,MAP4K5,5.444785561376882,13.717434195436747,6.743084321049089,-4.734800338745117,2.588738441467285,-3.5763060685666535,0.7149262524075948
ACGCCGAGTGGTACAG,MAP4K5,0.025269275859546938,5.947864614979921,5.099451813701364,3.1671085357666016,-0.1856735795736313,2.9620541360767034,-0.33005717569274506
AGTAGTCTCGGAGGTA,MAP4K5,-2.445363429691966,2.405896715587883,4.002233598733249,5.475036144256592,-1.9774140119552612,5.7381237357396095,-1.3738802529349812
ACCCACTTCCAACCAA,MAP4K5,1.0738774083765372,7.451178456843564,4.767456477201002,1.6675208806991577,-0.41594427824020386,1.66392817759861,0.02924073952661586
CACAGTACACATGGGA,MAP4K5,1.696113225870967,8.343233065553706,7.128114984737114,1.1331976652145386,-1.1688404083251953,0.8566172588008675,0.21639911174476287
CTCTGGTGTCCTCTTG,MAP4K5,3.8935156905742176,11.493490477161334,6.019898787521716,-3.363657236099243,-0.43688178062438965,-2.026175837634089,0.6519843329677161
TTCTTAGCATGTCTCC,MAP4K5,3.169597684142435,10.45566144866522,5.5140948647960615,-0.4762210249900818,2.2333147525787354,-1.1197623237620768,0.5561547090296282
AACACGTGTCGAACAG,MAP4K5,4.6101470192512615,12.520873121359813,6.42806312020985,-3.497655153274536,3.017008066177368,-2.8104475400156703,0.7009083435776063
GGGATGAGTCCGTTAA-1,MAP4K5,1.2390749940051387,7.688010319402009,5.495969439877441,1.1082839965820312,0.48991721868515015,1.4523869515290724,0.08090392382604183
CATCAGATCTGCAGTA,MAP4K5,-0.41101512758974806,5.322395135623275,5.665420192798891,3.240381956100464,-0.17809535562992096,3.482905064824519,-0.49512783543835986
CAACCTCTCCTTCAAT,MAP4K5,-3.055761322226194,1.530813286005351,5.695570382447822,8.723502159118652,-0.7411924600601196,6.29806548188177,-1.6451046338988495
TTCGAAGGTGCCTGCA-1,MAP4K5,-1.6124779337688635,3.599944573774199,5.93044101403202,4.998917579650879,-1.8890724182128906,4.862161168764207,-0.9972377851318341
ACTGAGTGTAGAAAGG,MAP4K5,2.6963122447499592,9.777146253018769,5.25885112365895,0.08365356177091599,2.7346692085266113,-0.4877831984697846,0.46630405079923126
CTTAGGAAGGCTATCT,MAP4K5,-4.024701371918903,0.141713827904883,4.996646379074503,5.991974830627441,-1.9654288291931152,6.999874639620512,-2.030759100569252
GAACGGAGTCTAGGTT,MAP4K5,1.969972421434111,8.735845240345366,4.947623808908351,1.3709641695022583,0.07362082600593567,0.49259533153975554,0.29182014471848416
CACTCCAAGGAATTAC,MAP4K5,0.01607255146973103,5.9346799345961925,6.944189699798416,1.9474053382873535,1.4582751989364624,2.9731466927057024,-0.33343423221124247
TACAGTGCAATCTACG,MAP4K5,-3.7459360352207582,0.5413595833542474,5.020822578128522,7.182858943939209,-2.24515700340271,6.821652812975407,-1.9268955584549852
TACTCATCACATCCAA,MAP4K5,1.7076341133947055,8.35974973097706,5.084633565529615,0.992614209651947,-0.0335041806101799,0.8413808198591871,0.21964493556509707
GAATGAAGTGAGGCTA,MAP4K5,6.368952486972108,15.042345655073323,8.014411408124252,-8.264825820922852,0.8198757767677307,-4.273938734745738,0.6951928066825829
CATCGAATCCCATTAT,MAP4K5,1.1377205810498205,7.542705808398491,6.523285693399282,1.8630465269088745,2.056962490081787,1.5823894439643835,0.049352164744721996
TTAACTCCAAGTACCT,MAP4K5,0.988956103919193,7.329432908148067,5.163878462522869,2.3284807205200195,0.2373630851507187,1.7719000236250273,0.0021611477693389974
CGCGTTTGTCGCATAT,MAP4K5,-1.3927275535744716,3.9149848429241954,4.650105512566082,4.615063667297363,-1.9678008556365967,4.617246355923481,-0.9005599698741096
TCGGGACAGGAACTGC-1,MAP4K5,-0.2691600581027781,5.525762516521244,6.580569115510386,4.565273284912109,0.7994993329048157,3.3146090086597444,-0.44047467154445724
CTCCTAGGTCCGTGAC,MAP4K5,0.9772046948911901,7.312585760671922,5.366540132930507,1.124667763710022,-0.24763450026512146,1.7867552715663633,-0.0016440305828858172
TCATTACCATTGGCGC-1,MAP4K5,0.5865777950385803,6.752572150875513,6.2661160967672265,2.8358376026153564,0.2993150055408478,2.276227971869437,-0.1311054295936935
GGTATTGGTCGCATAT,MAP4K5,-2.8629103699992657,1.8072897855757257,6.3166476360948876,7.726333141326904,-2.2853989601135254,6.130663827589666,-1.5610624159027284
GCTTCCATCCTTTCGG,MAP4K5,1.5286769488256655,8.103191752591412,5.890188543761891,1.1179119348526,0.398865282535553,1.0766530322773773,0.16808119539676686
GTGTGCGCACACCGAC,MAP4K5,-4.123551171802973,0.0,5.294609753728367,7.631534099578857,-1.470564365386963,7.059287585698508,-2.066328348550484
GATCGTATCGCTGATA,MAP4K5,1.1549212419714407,7.56736515525155,4.1407834805541155,1.825645923614502,0.13053765892982483,1.5603925264677885,0.05475125443337109
CCCATACTCCTGCAGG,MAP4K5,-3.490897649068545,0.9069897212675393,4.054264192538423,5.987980842590332,-1.8204131126403809,6.641897064159343,-1.8266058018498033
TTCTACAGTTCCACTC,MAP4K5,3.806782299792619,11.36914707101134,6.880776833967053,-2.4232122898101807,-1.0030803680419922,-1.9230293840411927,0.6431191095457458
ACTGCTCCATTCCTGC,MAP4K5,1.53940580901924,8.118572945561665,7.343185029377302,0.7513761520385742,0.10698951035737991,1.0626140704478624,0.17122463823505235
AACTCCCTCCCAACGG,MAP4K5,0.5079565614158832,6.639858559301798,4.450694582385149,2.548638343811035,1.1927516460418701,2.373437424489136,-0.1580840384519999
TAGTTGGGTAGCACGA,MAP4K5,5.165975583669848,13.317724441392961,8.362442637654594,-5.709712982177734,-2.507880210876465,-3.336687957959282,0.7143566597109369
CTACGTCGTAGCTAAA,MAP4K5,1.6247956929475733,8.240990262845358,4.987515164254049,1.1891919374465942,0.3411523699760437,0.9505664960124496,0.1959995021339572
GCACATAGTGTTTGTG,MAP4K5,1.244654026446147,7.696008575788446,5.108295958971773,1.3615504503250122,1.7664556503295898,1.4452106066674386,0.08262684525161318
TACTTACCATGAACCT,MAP4K5,-1.6828333940787767,3.4990810251760127,7.126718984440843,6.6719560623168945,1.4609425067901611,4.939746837002374,-1.0285139352761266
GTACTTTAGACGCAAC,MAP4K5,1.7530605777207329,8.424874376200174,4.021654128018465,0.7700616121292114,0.3114778697490692,0.781304063740022,0.232443107553078
AGCTCTCTCTTCATGT,MAP4K5,1.8730905759415943,8.59695272670006,5.524314392737085,1.097368836402893,-0.5404976606369019,0.621933538433541,0.2656870926071706
TTGGCAACAGCGTAAG,MAP4K5,5.292321081822505,13.498856868598287,7.694483746954838,-5.493195533752441,0.8176336288452148,-3.447179917049048,0.7150709533332692
ACATACGGTCTCACCT,MAP4K5,2.93041660627756,10.112764789831319,4.6362063849966555,-1.2834746837615967,1.4731956720352173,-0.8026840316077823,0.5134328630023979
ATCTGCCAGATCCTGT,MAP4K5,1.4993466860894948,8.061143070543766,6.015389952488946,1.0446572303771973,0.8951178193092346,1.115032359771023,0.15948773787382667
GCGACCAAGCAGATCG,MAP4K5,3.2907383265209984,10.629332049581523,4.423550937179725,-1.8986622095108032,-0.6210780143737793,-1.2778012841320368,0.5757252049112305
ACGCCAGCACAGACAG-1,MAP4K5,0.9352715047138928,7.252469170620576,5.329576255591338,2.447585344314575,1.342848777770996,1.8397640584761334,-0.015222254872598663
CGTGTAAAGACAATAC,MAP4K5,6.156046042833132,14.737117043382286,9.189195482675277,-2.8756163120269775,0.31808844208717346,-4.124787605450339,0.702171527409611
ACGGGCTTCATCACCC,MAP4K5,1.0466433692612824,7.412134979397375,5.579092628924793,1.3889191150665283,0.6836814880371094,1.6985544648043924,0.02055638563149592
AACTGGTCATGGGAAC,MAP4K5,-1.205318838138712,4.183659200164026,5.617438975783445,5.168632984161377,-0.42165130376815796,4.405216850127503,-0.8196938041492262
TTGACTTTCCTTGGTC,MAP4K5,3.5846750630239863,11.050727946594565,4.970613321754449,-1.5949360132217407,0.7011900544166565,-1.651579348172916,0.6172597989310667
CGAACATGTTAGTGGG,MAP4K5,6.740851490840298,15.575510431268965,16.317589134354762,-4.838301181793213,-7.208642959594727,-4.519256886097826,0.6800201836681397
GCGACCACACCCTATC,MAP4K5,-0.5957100095148762,5.057611405734629,5.65807439459554,3.499028444290161,1.1518231630325317,3.7003720658643267,-0.5678756262367016
GCAGTTATCTGCAAGT,MAP4K5,2.2663239219616353,9.160703010359724,4.436822078795074,0.08793213963508606,-0.017435703426599503,0.09399207662019979,0.3678234729184076
AAGACCTGTGTTCTTT,MAP4K5,3.468633129561646,10.884366996873693,5.079438086999339,-0.6632492542266846,1.184187650680542,-1.5058527905366805,0.601882542138781
ACTGTCCCAGCTATTG,MAP4K5,0.873856306935707,7.164422631539168,4.098158524557045,2.2350969314575195,0.015971681103110313,1.917288734152573,-0.03518485415240935
GATGAGGCACTGTTAG,MAP4K5,6.740851490840298,15.575510431268965,8.72207903611233,-10.253683090209961,-0.1653394103050232,-4.519256886097826,0.6800201836681397
GTGCTTCGTTGTTTGG,MAP4K5,-2.879743822895897,1.783156878380812,4.264855003186745,5.7983269691467285,-1.0890036821365356,6.145475328213441,-1.5684402821268022
GTGTTAGCAACGATCT,MAP4K5,4.757043110498009,12.731467451538082,6.198668346300419,-2.1729421615600586,1.293642282485962,-2.9561903528124853,0.7062562650983312
CCTTTCTGTACAGTGG,MAP4K5,0.6396372025613182,6.8286395961837565,6.144744115699002,2.155027151107788,0.08092695474624634,2.2102923484407326,-0.11313756602432049
CGGACTGGTACCGCTG,MAP4K5,4.021281947723131,11.67665974405805,6.594273430246848,-1.6837434768676758,-0.07578622549772263,-2.174894507030591,0.6637705209045639
ACGGAGAAGGAGTCTG,MAP4K5,0.8531348593314937,7.134715786779062,5.1078162440208725,2.131772994995117,1.777054786682129,1.9433344839767597,-0.041995676323886406
TACGGGCTCATAGCAC,MAP4K5,-3.3484983564582436,1.1111373156017739,6.07051945452858,7.85879373550415,-0.6370919942855835,6.534488346434102,-1.768555717465597
